<?xml version="1.0" encoding="UTF-8"?>
<root>
  <item name="com.firebase.ui.auth.data.model.User java.lang.String getProviderId()">
    <annotation name="android.support.annotation.StringDef">
      <val name="value" val="{com.google.firebase.auth.GoogleAuthProvider.PROVIDER_ID, com.google.firebase.auth.FacebookAuthProvider.PROVIDER_ID, com.google.firebase.auth.TwitterAuthProvider.PROVIDER_ID, com.google.firebase.auth.GithubAuthProvider.PROVIDER_ID, com.google.firebase.auth.EmailAuthProvider.PROVIDER_ID, com.google.firebase.auth.PhoneAuthProvider.PROVIDER_ID}" />
    </annotation>
  </item>
  <item name="com.firebase.ui.auth.data.model.User.Builder Builder(java.lang.String, java.lang.String) 0">
    <annotation name="android.support.annotation.StringDef">
      <val name="value" val="{com.google.firebase.auth.GoogleAuthProvider.PROVIDER_ID, com.google.firebase.auth.FacebookAuthProvider.PROVIDER_ID, com.google.firebase.auth.TwitterAuthProvider.PROVIDER_ID, com.google.firebase.auth.GithubAuthProvider.PROVIDER_ID, com.google.firebase.auth.EmailAuthProvider.PROVIDER_ID, com.google.firebase.auth.PhoneAuthProvider.PROVIDER_ID}" />
    </annotation>
  </item>
</root>

