<?xml version="1.0" encoding="UTF-8"?>
<root>
  <item name="com.firebase.ui.auth.AuthUI.IdpConfig IdpConfig(java.lang.String, android.os.Bundle) 0">
    <annotation name="android.support.annotation.StringDef">
      <val name="value" val="{com.google.firebase.auth.GoogleAuthProvider.PROVIDER_ID, com.google.firebase.auth.FacebookAuthProvider.PROVIDER_ID, com.google.firebase.auth.TwitterAuthProvider.PROVIDER_ID, com.google.firebase.auth.GithubAuthProvider.PROVIDER_ID, com.google.firebase.auth.EmailAuthProvider.PROVIDER_ID, com.google.firebase.auth.PhoneAuthProvider.PROVIDER_ID}" />
    </annotation>
  </item>
  <item name="com.firebase.ui.auth.AuthUI.IdpConfig java.lang.String getProviderId()">
    <annotation name="android.support.annotation.StringDef">
      <val name="value" val="{com.google.firebase.auth.GoogleAuthProvider.PROVIDER_ID, com.google.firebase.auth.FacebookAuthProvider.PROVIDER_ID, com.google.firebase.auth.TwitterAuthProvider.PROVIDER_ID, com.google.firebase.auth.GithubAuthProvider.PROVIDER_ID, com.google.firebase.auth.EmailAuthProvider.PROVIDER_ID, com.google.firebase.auth.PhoneAuthProvider.PROVIDER_ID}" />
    </annotation>
  </item>
  <item name="com.firebase.ui.auth.AuthUI.IdpConfig.Builder Builder(java.lang.String) 0">
    <annotation name="android.support.annotation.StringDef">
      <val name="value" val="{com.google.firebase.auth.GoogleAuthProvider.PROVIDER_ID, com.google.firebase.auth.FacebookAuthProvider.PROVIDER_ID, com.google.firebase.auth.TwitterAuthProvider.PROVIDER_ID, com.google.firebase.auth.GithubAuthProvider.PROVIDER_ID, com.google.firebase.auth.EmailAuthProvider.PROVIDER_ID, com.google.firebase.auth.PhoneAuthProvider.PROVIDER_ID}" />
    </annotation>
  </item>
  <item name="com.firebase.ui.auth.AuthUI.IdpConfig.Builder mProviderId">
    <annotation name="android.support.annotation.StringDef">
      <val name="value" val="{com.google.firebase.auth.GoogleAuthProvider.PROVIDER_ID, com.google.firebase.auth.FacebookAuthProvider.PROVIDER_ID, com.google.firebase.auth.TwitterAuthProvider.PROVIDER_ID, com.google.firebase.auth.GithubAuthProvider.PROVIDER_ID, com.google.firebase.auth.EmailAuthProvider.PROVIDER_ID, com.google.firebase.auth.PhoneAuthProvider.PROVIDER_ID}" />
    </annotation>
  </item>
  <item name="com.firebase.ui.auth.AuthUI.SupportedProvider">
    <annotation name="android.support.annotation.StringDef">
      <val name="value" val="{com.google.firebase.auth.GoogleAuthProvider.PROVIDER_ID, com.google.firebase.auth.FacebookAuthProvider.PROVIDER_ID, com.google.firebase.auth.TwitterAuthProvider.PROVIDER_ID, com.google.firebase.auth.GithubAuthProvider.PROVIDER_ID, com.google.firebase.auth.EmailAuthProvider.PROVIDER_ID, com.google.firebase.auth.PhoneAuthProvider.PROVIDER_ID}" />
    </annotation>
  </item>
  <item name="com.firebase.ui.auth.ErrorCodes java.lang.String toFriendlyMessage(int) 0">
    <annotation name="android.support.annotation.IntDef">
      <val name="value" val="{com.firebase.ui.auth.ErrorCodes.UNKNOWN_ERROR, com.firebase.ui.auth.ErrorCodes.NO_NETWORK, com.firebase.ui.auth.ErrorCodes.PLAY_SERVICES_UPDATE_CANCELLED, com.firebase.ui.auth.ErrorCodes.DEVELOPER_ERROR, com.firebase.ui.auth.ErrorCodes.PROVIDER_ERROR, com.firebase.ui.auth.ErrorCodes.ANONYMOUS_UPGRADE_MERGE_CONFLICT, com.firebase.ui.auth.ErrorCodes.EMAIL_MISMATCH_ERROR}" />
    </annotation>
  </item>
  <item name="com.firebase.ui.auth.ErrorCodes.Code">
    <annotation name="android.support.annotation.IntDef">
      <val name="value" val="{com.firebase.ui.auth.ErrorCodes.UNKNOWN_ERROR, com.firebase.ui.auth.ErrorCodes.NO_NETWORK, com.firebase.ui.auth.ErrorCodes.PLAY_SERVICES_UPDATE_CANCELLED, com.firebase.ui.auth.ErrorCodes.DEVELOPER_ERROR, com.firebase.ui.auth.ErrorCodes.PROVIDER_ERROR, com.firebase.ui.auth.ErrorCodes.ANONYMOUS_UPGRADE_MERGE_CONFLICT, com.firebase.ui.auth.ErrorCodes.EMAIL_MISMATCH_ERROR}" />
    </annotation>
  </item>
  <item name="com.firebase.ui.auth.FirebaseAuthAnonymousUpgradeException FirebaseAuthAnonymousUpgradeException(int, com.firebase.ui.auth.IdpResponse) 0">
    <annotation name="android.support.annotation.IntDef">
      <val name="value" val="{com.firebase.ui.auth.ErrorCodes.UNKNOWN_ERROR, com.firebase.ui.auth.ErrorCodes.NO_NETWORK, com.firebase.ui.auth.ErrorCodes.PLAY_SERVICES_UPDATE_CANCELLED, com.firebase.ui.auth.ErrorCodes.DEVELOPER_ERROR, com.firebase.ui.auth.ErrorCodes.PROVIDER_ERROR, com.firebase.ui.auth.ErrorCodes.ANONYMOUS_UPGRADE_MERGE_CONFLICT, com.firebase.ui.auth.ErrorCodes.EMAIL_MISMATCH_ERROR}" />
    </annotation>
  </item>
  <item name="com.firebase.ui.auth.FirebaseUiException FirebaseUiException(int) 0">
    <annotation name="android.support.annotation.IntDef">
      <val name="value" val="{com.firebase.ui.auth.ErrorCodes.UNKNOWN_ERROR, com.firebase.ui.auth.ErrorCodes.NO_NETWORK, com.firebase.ui.auth.ErrorCodes.PLAY_SERVICES_UPDATE_CANCELLED, com.firebase.ui.auth.ErrorCodes.DEVELOPER_ERROR, com.firebase.ui.auth.ErrorCodes.PROVIDER_ERROR, com.firebase.ui.auth.ErrorCodes.ANONYMOUS_UPGRADE_MERGE_CONFLICT, com.firebase.ui.auth.ErrorCodes.EMAIL_MISMATCH_ERROR}" />
    </annotation>
  </item>
  <item name="com.firebase.ui.auth.FirebaseUiException FirebaseUiException(int, java.lang.String) 0">
    <annotation name="android.support.annotation.IntDef">
      <val name="value" val="{com.firebase.ui.auth.ErrorCodes.UNKNOWN_ERROR, com.firebase.ui.auth.ErrorCodes.NO_NETWORK, com.firebase.ui.auth.ErrorCodes.PLAY_SERVICES_UPDATE_CANCELLED, com.firebase.ui.auth.ErrorCodes.DEVELOPER_ERROR, com.firebase.ui.auth.ErrorCodes.PROVIDER_ERROR, com.firebase.ui.auth.ErrorCodes.ANONYMOUS_UPGRADE_MERGE_CONFLICT, com.firebase.ui.auth.ErrorCodes.EMAIL_MISMATCH_ERROR}" />
    </annotation>
  </item>
  <item name="com.firebase.ui.auth.FirebaseUiException FirebaseUiException(int, java.lang.String, java.lang.Throwable) 0">
    <annotation name="android.support.annotation.IntDef">
      <val name="value" val="{com.firebase.ui.auth.ErrorCodes.UNKNOWN_ERROR, com.firebase.ui.auth.ErrorCodes.NO_NETWORK, com.firebase.ui.auth.ErrorCodes.PLAY_SERVICES_UPDATE_CANCELLED, com.firebase.ui.auth.ErrorCodes.DEVELOPER_ERROR, com.firebase.ui.auth.ErrorCodes.PROVIDER_ERROR, com.firebase.ui.auth.ErrorCodes.ANONYMOUS_UPGRADE_MERGE_CONFLICT, com.firebase.ui.auth.ErrorCodes.EMAIL_MISMATCH_ERROR}" />
    </annotation>
  </item>
  <item name="com.firebase.ui.auth.FirebaseUiException FirebaseUiException(int, java.lang.Throwable) 0">
    <annotation name="android.support.annotation.IntDef">
      <val name="value" val="{com.firebase.ui.auth.ErrorCodes.UNKNOWN_ERROR, com.firebase.ui.auth.ErrorCodes.NO_NETWORK, com.firebase.ui.auth.ErrorCodes.PLAY_SERVICES_UPDATE_CANCELLED, com.firebase.ui.auth.ErrorCodes.DEVELOPER_ERROR, com.firebase.ui.auth.ErrorCodes.PROVIDER_ERROR, com.firebase.ui.auth.ErrorCodes.ANONYMOUS_UPGRADE_MERGE_CONFLICT, com.firebase.ui.auth.ErrorCodes.EMAIL_MISMATCH_ERROR}" />
    </annotation>
  </item>
  <item name="com.firebase.ui.auth.FirebaseUiException int getErrorCode()">
    <annotation name="android.support.annotation.IntDef">
      <val name="value" val="{com.firebase.ui.auth.ErrorCodes.UNKNOWN_ERROR, com.firebase.ui.auth.ErrorCodes.NO_NETWORK, com.firebase.ui.auth.ErrorCodes.PLAY_SERVICES_UPDATE_CANCELLED, com.firebase.ui.auth.ErrorCodes.DEVELOPER_ERROR, com.firebase.ui.auth.ErrorCodes.PROVIDER_ERROR, com.firebase.ui.auth.ErrorCodes.ANONYMOUS_UPGRADE_MERGE_CONFLICT, com.firebase.ui.auth.ErrorCodes.EMAIL_MISMATCH_ERROR}" />
    </annotation>
  </item>
  <item name="com.firebase.ui.auth.IdpResponse java.lang.String getProviderType()">
    <annotation name="android.support.annotation.StringDef">
      <val name="value" val="{com.google.firebase.auth.GoogleAuthProvider.PROVIDER_ID, com.google.firebase.auth.FacebookAuthProvider.PROVIDER_ID, com.google.firebase.auth.TwitterAuthProvider.PROVIDER_ID, com.google.firebase.auth.GithubAuthProvider.PROVIDER_ID, com.google.firebase.auth.EmailAuthProvider.PROVIDER_ID, com.google.firebase.auth.PhoneAuthProvider.PROVIDER_ID}" />
    </annotation>
  </item>
</root>

